{"cameraMode":{"drawMode":0,"name":"Shaded","section":"Shading Mode"},"sceneLighting":true,"audioPlay":false,"sceneViewState":{"showFog":true,"showMaterialUpdate":false,"showSkybox":true,"showFlares":true,"showImageEffects":true,"showParticleSystems":true},"in2DMode":false,"pivot":{"x":1.4042584896087647,"y":-6.616507530212402,"z":-3.4923152923583986},"rotation":{"x":-0.3443405330181122,"y":0.648719847202301,"z":-0.4174668788909912,"w":-0.5350827574729919},"size":36.93073272705078,"orthographic":false}