{"cameraMode":{"drawMode":0,"name":"Shaded","section":"Shading Mode"},"sceneLighting":true,"audioPlay":false,"sceneViewState":{"showFog":true,"showMaterialUpdate":false,"showSkybox":true,"showFlares":true,"showImageEffects":true,"showParticleSystems":true},"in2DMode":false,"pivot":{"x":-23.736995697021486,"y":0.4986560344696045,"z":-8.427724838256836},"rotation":{"x":0.14953184127807618,"y":0.7089518904685974,"z":-0.15802162885665894,"w":0.6708632707595825},"size":7.158390045166016,"orthographic":false}