{"cameraMode":{"drawMode":0,"name":"Shaded","section":"Shading Mode"},"sceneLighting":true,"audioPlay":false,"sceneViewState":{"showFog":true,"showMaterialUpdate":false,"showSkybox":true,"showFlares":true,"showImageEffects":true,"showParticleSystems":true},"in2DMode":false,"pivot":{"x":-23.5048828125,"y":1.264892578125,"z":-3.642822265625},"rotation":{"x":-0.11350307613611222,"y":-0.5837753415107727,"z":0.08286529779434204,"w":-0.7996604442596436},"size":5.317065238952637,"orthographic":true}